{
  "serviceProviderConnections": {
    "Smtp": {
      "parameterValues": {
        "serverAddress": "@appsetting('Smtp_serverAddress')",
        "username": "@appsetting('Smtp_username')",
        "password": "@appsetting('Smtp_password')",
        "port": "@appsetting('Smtp_port')",
        "enableSSL": "@appsetting('Smtp_enableSSL')"
      },
      "serviceProvider": {
        "id": "/serviceProviders/Smtp"
      },
      "displayName": "Dynamics 365 Email"
    },
    "Smtp-2": {
      "parameterValues": {
        "serverAddress": "@appsetting('Smtp_12_serverAddress')",
        "username": "@appsetting('Smtp_12_username')",
        "password": "@appsetting('Smtp_12_password')",
        "port": "@appsetting('Smtp_12_port')",
        "enableSSL": "@appsetting('Smtp_12_enableSSL')"
      },
      "serviceProvider": {
        "id": "/serviceProviders/Smtp"
      },
      "displayName": "Dynamics 365 no secure"
    }
  },
  "managedApiConnections": {
    "office365": {
      "api": {
        "id": "/subscriptions/9299b7df-0e98-4e10-b1d9-cc0155056a74/providers/Microsoft.Web/locations/westus2/managedApis/office365"
      },
      "connection": {
        "id": "/subscriptions/9299b7df-0e98-4e10-b1d9-cc0155056a74/resourceGroups/rg-openhackserverless/providers/Microsoft.Web/connections/office365"
      },
      "connectionRuntimeUrl": "https://646e7a2ebc24ea3b.05.common.logic-westus2.azure-apihub.net/apim/office365/3c3aec8e033343f2918d2a4e2d55bbd8",
      "authentication": {
        "type": "ManagedServiceIdentity"
      }
    }
  }
}